{"stat.craftItem.minecraft.stone_shovel":1,"stat.walkOneCm":31111,"stat.leaveGame":2,"stat.useItem.minecraft.cobblestone":1,"stat.craftItem.minecraft.crafting_table":1,"stat.furnaceInteraction":4,"stat.pickup.minecraft.log":8,"stat.jump":91,"stat.swimOneCm":277,"stat.fallOneCm":1790,"stat.useItem.minecraft.planks":3,"stat.useItem.minecraft.stone_axe":1,"stat.crouchOneCm":2211,"stat.pickup.minecraft.sapling":3,"stat.pickup.minecraft.dirt":13,"stat.useItem.minecraft.dirt":3,"stat.sprintOneCm":8856,"stat.useItem.minecraft.stone_slab2":1,"stat.craftItem.minecraft.stick":8,"stat.craftingTableInteraction":14,"stat.craftItem.minecraft.planks":32,"stat.craftItem.minecraft.stone_axe":1,"stat.damageTaken":70,"stat.useItem.minecraft.wooden_pickaxe":10,"stat.pickup.minecraft.cobblestone":11,"stat.mineBlock.minecraft.log":8,"stat.pickup.minecraft.planks":1,"stat.useItem.minecraft.stone_shovel":21,"stat.craftItem.minecraft.stone_sword":1,"stat.flyOneCm":15579,"stat.mineBlock.minecraft.planks":2,"stat.playOneMinute":10295,"stat.sneakTime":993,"stat.timeSinceDeath":10295,"stat.mineBlock.minecraft.dirt":21,"stat.craftItem.minecraft.wooden_pickaxe":1,"stat.mineBlock.minecraft.stone":10,"stat.diveOneCm":195}