{"stat.craftItem.minecraft.stone_shovel":2,"stat.walkOneCm":72442,"stat.pickup.minecraft.bone":19,"stat.leaveGame":2,"stat.pickup.minecraft.arrow":17,"stat.pickup.minecraft.crafting_table":1,"stat.useItem.minecraft.cobblestone":1,"stat.craftItem.minecraft.crafting_table":2,"stat.furnaceInteraction":5,"stat.mineBlock.srparasites.gore":2,"stat.pickup.mod_lavacow.mimic_claw":1,"stat.pickup.minecraft.log":8,"stat.pickup.minecraft.string":11,"stat.jump":209,"stat.swimOneCm":277,"stat.pickup.minecraft.coal":4,"stat.fallOneCm":3851,"stat.useItem.minecraft.planks":6,"stat.pickup.minecraft.carrot":21,"stat.useItem.minecraft.stone_axe":82,"stat.pickup.minecraft.melon_seeds":4,"stat.crouchOneCm":8783,"stat.pickup.minecraft.sapling":3,"stat.pickup.minecraft.dirt":20,"stat.useItem.minecraft.dirt":3,"stat.sprintOneCm":23777,"stat.useItem.minecraft.stone_slab2":2,"stat.craftItem.minecraft.stick":20,"stat.craftingTableInteraction":18,"stat.pickup.minecraft.rotten_flesh":1,"stat.killEntity.Skeleton":2,"stat.pickup.minecraft.beetroot":6,"stat.craftItem.minecraft.planks":48,"stat.craftItem.minecraft.stone_axe":2,"stat.mineBlock.minecraft.leaves2":2,"stat.mineBlock.minecraft.log2":60,"stat.damageTaken":86,"stat.mineBlock.minecraft.crafting_table":1,"stat.craftItem.minecraft.stone_pickaxe":1,"stat.useItem.minecraft.wooden_pickaxe":21,"stat.pickup.minecraft.cobblestone":34,"stat.mobKills":9,"stat.pickup.srparasites.assimilated_flesh":5,"stat.mineBlock.minecraft.log":8,"stat.pickup.minecraft.log2":59,"stat.pickup.minecraft.planks":2,"stat.useItem.minecraft.stone_shovel":30,"stat.craftItem.minecraft.stone_sword":2,"stat.flyOneCm":32294,"stat.mineBlock.minecraft.planks":3,"stat.deaths":1,"stat.pickup.minecraft.wheat_seeds":27,"stat.pickup.minecraft.beetroot_seeds":17,"stat.pickup.minecraft.potato":48,"stat.playOneMinute":22895,"stat.useItem.minecraft.stone_pickaxe":9,"stat.sneakTime":3307,"stat.useItem.minecraft.stone_sword":1,"stat.damageDealt":1074,"stat.timeSinceDeath":6139,"stat.mineBlock.minecraft.dirt":31,"stat.craftItem.minecraft.wooden_pickaxe":2,"stat.mineBlock.minecraft.stone":30,"stat.diveOneCm":195,"stat.pickup.minecraft.poisonous_potato":1,"stat.pickup.minecraft.wheat":5}