{"stat.chestOpened":1,"stat.walkOneCm":28038,"stat.pickup.minecraft.bone":10,"stat.leaveGame":4,"stat.pickup.minecraft.arrow":13,"stat.pickup.minecraft.crafting_table":1,"stat.craftItem.minecraft.crafting_table":2,"stat.mineBlock.minecraft.double_plant":1,"stat.mineBlock.srparasites.gore":4,"stat.mineBlock.minecraft.coal_ore":3,"stat.pickup.minecraft.log":7,"stat.jump":459,"stat.swimOneCm":5119,"stat.pickup.minecraft.coal":3,"stat.fallOneCm":13625,"stat.pickup.minecraft.beef":6,"stat.entityKilledBy.Skeleton":3,"stat.drop.minecraft.sapling":2,"stat.crouchOneCm":4996,"stat.pickup.minecraft.sapling":2,"stat.pickup.minecraft.dirt":146,"stat.useItem.minecraft.dirt":7,"stat.sprintOneCm":50242,"stat.useItem.minecraft.stone_slab2":2,"stat.craftItem.minecraft.stick":16,"stat.craftItem.minecraft.wooden_axe":2,"stat.craftingTableInteraction":3,"stat.pickup.minecraft.rotten_flesh":4,"stat.craftItem.minecraft.planks":48,"stat.mineBlock.minecraft.log2":5,"stat.damageTaken":2710,"stat.pickup.minecraft.leather":5,"stat.mineBlock.minecraft.crafting_table":1,"stat.drop.minecraft.iron_leggings":1,"stat.pickup.minecraft.cobblestone":11,"stat.craftItem.minecraft.wooden_sword":2,"stat.mineBlock.minecraft.log":7,"stat.pickup.minecraft.log2":5,"stat.pickup.minecraft.iron_leggings":1,"stat.flyOneCm":147107,"stat.deaths":16,"stat.pickup.minecraft.wheat_seeds":42,"stat.drop":2,"stat.playOneMinute":24086,"stat.useItem.minecraft.wooden_sword":29,"stat.entityKilledBy.Zombie":4,"stat.pickup.minecraft.red_flower":1,"stat.sneakTime":3740,"stat.damageDealt":103,"stat.timeSinceDeath":6120,"stat.useItem.minecraft.wooden_axe":1,"stat.mineBlock.minecraft.dirt":145,"stat.pickup.mod_lavacow.intestine":1,"stat.useItem.minecraft.iron_pickaxe":18,"stat.craftItem.minecraft.wooden_pickaxe":1,"stat.mineBlock.minecraft.stone":15,"stat.mineBlock.minecraft.tallgrass":8,"stat.diveOneCm":5972,"stat.pickup.minecraft.wheat":10}