{"stat.walkOneCm":11639,"stat.pickup.minecraft.bone":10,"stat.leaveGame":4,"stat.pickup.minecraft.arrow":13,"stat.craftItem.minecraft.crafting_table":1,"stat.mineBlock.minecraft.double_plant":1,"stat.pickup.minecraft.log":5,"stat.jump":250,"stat.swimOneCm":2594,"stat.fallOneCm":8396,"stat.entityKilledBy.Skeleton":3,"stat.drop.minecraft.sapling":2,"stat.crouchOneCm":820,"stat.pickup.minecraft.sapling":2,"stat.pickup.minecraft.dirt":22,"stat.useItem.minecraft.dirt":3,"stat.sprintOneCm":21024,"stat.useItem.minecraft.stone_slab2":1,"stat.craftItem.minecraft.stick":8,"stat.craftItem.minecraft.wooden_axe":1,"stat.craftingTableInteraction":2,"stat.pickup.minecraft.rotten_flesh":4,"stat.craftItem.minecraft.planks":20,"stat.damageTaken":2700,"stat.craftItem.minecraft.wooden_sword":1,"stat.mineBlock.minecraft.log":5,"stat.flyOneCm":79831,"stat.deaths":13,"stat.pickup.minecraft.wheat_seeds":4,"stat.drop":1,"stat.playOneMinute":11486,"stat.useItem.minecraft.wooden_sword":1,"stat.entityKilledBy.Zombie":4,"stat.sneakTime":1181,"stat.damageDealt":103,"stat.timeSinceDeath":1096,"stat.mineBlock.minecraft.dirt":23,"stat.craftItem.minecraft.wooden_pickaxe":1,"stat.mineBlock.minecraft.tallgrass":8,"stat.diveOneCm":5972}