{"stat.pickup.minecraft.bone":1,"stat.leaveGame":1,"stat.pickup.minecraft.arrow":4,"stat.mineBlock.srparasites.gore":3,"stat.jump":192,"stat.swimOneCm":175,"stat.fallOneCm":5074,"stat.useItem.minecraft.planks":2,"stat.useItem.minecraft.stone_axe":10,"stat.pickup.minecraft.gunpowder":1,"stat.crouchOneCm":7978,"stat.useItem.minecraft.dirt":3,"stat.pickup.minecraft.dirt":14,"stat.useItem.minecraft.stone_slab2":5,"stat.craftingTableInteraction":8,"stat.craftItem.minecraft.furnace":1,"stat.craftItem.minecraft.stone_axe":1,"stat.pickup.minecraft.leather":12,"stat.damageTaken":130,"stat.craftItem.minecraft.stone_pickaxe":1,"stat.useItem.minecraft.wooden_pickaxe":15,"stat.craftItem.minecraft.cooked_beef":10,"stat.pickup.minecraft.cobblestone":40,"stat.pickup.srparasites.assimilated_flesh":1,"stat.pickup.minecraft.planks":5,"stat.craftItem.minecraft.stone_sword":1,"stat.flyOneCm":38532,"stat.useItem.minecraft.stone_pickaxe":22,"stat.useItem.minecraft.cooked_beef":1,"stat.useItem.minecraft.stone_sword":70,"stat.damageDealt":3175,"stat.timeSinceDeath":102,"stat.killEntity.Cow":11,"stat.mineBlock.minecraft.dirt":6,"stat.useItem.minecraft.crafting_table":1,"stat.craftItem.minecraft.wooden_pickaxe":1,"stat.craftItem.minecraft.stone_slab":6,"stat.walkOneCm":24078,"stat.pickup.minecraft.stick":5,"stat.useItem.minecraft.log":1,"stat.pickup.minecraft.crafting_table":2,"stat.craftItem.minecraft.crafting_table":1,"stat.furnaceInteraction":10,"stat.killEntity.Creeper":1,"stat.pickup.minecraft.log":6,"stat.pickup.minecraft.beef":20,"stat.craftItem.minecraft.stone_slab2":0,"stat.pickup.minecraft.sapling":1,"stat.sprintOneCm":22508,"stat.craftItem.minecraft.stick":12,"stat.killEntity.Skeleton":4,"stat.useItem.minecraft.stone_slab":5,"stat.craftItem.minecraft.planks":20,"stat.mineBlock.minecraft.crafting_table":2,"stat.killEntity.Spider":1,"stat.mobKills":20,"stat.mineBlock.minecraft.log":6,"stat.mineBlock.minecraft.planks":4,"stat.deaths":1,"stat.mineBlock.minecraft.leaves":1,"stat.playOneMinute":20391,"stat.sneakTime":7725,"stat.mineBlock.minecraft.stone":34,"stat.mineBlock.minecraft.tallgrass":1,"stat.diveOneCm":706}