{"stat.walkOneCm":19005,"stat.pickup.minecraft.stick":5,"stat.useItem.minecraft.log":1,"stat.pickup.minecraft.crafting_table":2,"stat.craftItem.minecraft.crafting_table":1,"stat.furnaceInteraction":9,"stat.pickup.minecraft.log":6,"stat.jump":188,"stat.swimOneCm":175,"stat.fallOneCm":5074,"stat.useItem.minecraft.planks":2,"stat.pickup.minecraft.beef":20,"stat.useItem.minecraft.stone_axe":9,"stat.craftItem.minecraft.stone_slab2":0,"stat.crouchOneCm":922,"stat.pickup.minecraft.sapling":1,"stat.useItem.minecraft.dirt":3,"stat.pickup.minecraft.dirt":14,"stat.sprintOneCm":22322,"stat.useItem.minecraft.stone_slab2":4,"stat.craftItem.minecraft.stick":12,"stat.craftingTableInteraction":7,"stat.craftItem.minecraft.furnace":1,"stat.craftItem.minecraft.planks":20,"stat.craftItem.minecraft.stone_axe":1,"stat.mineBlock.minecraft.crafting_table":2,"stat.pickup.minecraft.leather":12,"stat.damageTaken":120,"stat.craftItem.minecraft.stone_pickaxe":1,"stat.useItem.minecraft.wooden_pickaxe":15,"stat.craftItem.minecraft.cooked_beef":10,"stat.pickup.minecraft.cobblestone":36,"stat.mobKills":11,"stat.mineBlock.minecraft.log":6,"stat.pickup.minecraft.planks":4,"stat.craftItem.minecraft.stone_sword":1,"stat.flyOneCm":38532,"stat.mineBlock.minecraft.planks":3,"stat.mineBlock.minecraft.leaves":1,"stat.playOneMinute":11789,"stat.useItem.minecraft.stone_pickaxe":19,"stat.useItem.minecraft.cooked_beef":1,"stat.useItem.minecraft.stone_sword":16,"stat.sneakTime":478,"stat.damageDealt":1110,"stat.timeSinceDeath":11789,"stat.killEntity.Cow":11,"stat.mineBlock.minecraft.dirt":6,"stat.useItem.minecraft.crafting_table":1,"stat.craftItem.minecraft.wooden_pickaxe":1,"stat.mineBlock.minecraft.stone":31,"stat.mineBlock.minecraft.tallgrass":1,"stat.diveOneCm":706}